Title,IR-Year,ResidentName
001,IR-1,Alex Carter
002,IR-1,Maya Thompson
003,IR-1,Noah Bennett
004,IR-2,Ethan Parker
005,IR-2,Sophia Reed
006,IR-2,Daniel Brooks
007,IR-3,Olivia Hayes
008,IR-3,Lucas Foster
009,IR-3,Grace Mitchell
010,IR-4,Henry Collins
011,IR-4,Chloe Ramirez
012,IR-4,Jack Turner
013,IR-5,Emma Sullivan
014,IR-5,Wyatt Hughes
015,IR-5,Nora Jenkins
016,IR-IND,Leah Simmons
017,DR-1,Samuel Price
018,DR-1,Zoe Richardson
019,DR-2,Aiden Cooper
020,DR-2,Lily Morgan
021,DR-3,Caleb Ward
022,DR-3,Hannah Peterson
023,DR-4,Owen Bailey
024,DR-4,Ava Sanders
